M_t_tot,R_t_tot,M_i,R_i,f_atm,gamma,v_c,v_c_v_esc,b,theta,X_NF,X_FF,X_atm
1.007,1.181,0.111,0.524,0.01,0.1,9.53,1.0,0.0,0.0,0.037,0.028,0.064
1.007,1.181,0.111,0.524,0.01,0.1,9.53,1.0,0.3,17.5,0.058,0.036,0.094
1.007,1.181,0.111,0.524,0.01,0.1,9.53,1.0,0.5,30.0,0.058,0.012,0.070
1.007,1.181,0.111,0.524,0.01,0.1,9.53,1.0,0.7,44.4,0.041,0.006,0.047
1.007,1.181,0.111,0.524,0.01,0.1,9.53,1.0,0.9,64.2,0.019,0.014,0.033
1.007,1.181,0.111,0.524,0.01,0.1,14.29,1.5,0.0,0.0,0.121,0.200,0.321
1.007,1.181,0.111,0.524,0.01,0.1,14.29,1.5,0.3,17.5,0.133,0.107,0.240
1.007,1.181,0.111,0.524,0.01,0.1,14.29,1.5,0.5,30.0,0.136,0.058,0.194
1.007,1.181,0.111,0.524,0.01,0.1,14.29,1.5,0.7,44.4,0.090,0.040,0.130
1.007,1.181,0.111,0.524,0.01,0.1,14.29,1.5,0.9,64.2,0.039,0.018,0.057
1.007,1.181,0.111,0.524,0.01,0.1,19.05,2.0,0.0,0.0,0.143,0.440,0.582
1.007,1.181,0.111,0.524,0.01,0.1,19.05,2.0,0.3,17.5,0.152,0.291,0.443
1.007,1.181,0.111,0.524,0.01,0.1,19.05,2.0,0.5,30.0,0.166,0.165,0.331
1.007,1.181,0.111,0.524,0.01,0.1,19.05,2.0,0.7,44.4,0.113,0.066,0.178
1.007,1.181,0.111,0.524,0.01,0.1,19.05,2.0,0.9,64.2,0.047,0.023,0.069
1.007,1.181,0.111,0.524,0.01,0.1,28.58,3.0,0.0,0.0,0.141,0.806,0.947
1.007,1.181,0.111,0.524,0.01,0.1,28.58,3.0,0.3,17.5,0.161,0.596,0.757
1.007,1.181,0.111,0.524,0.01,0.1,28.58,3.0,0.5,30.0,0.180,0.364,0.544
1.007,1.181,0.111,0.524,0.01,0.1,28.58,3.0,0.7,44.4,0.132,0.128,0.260
1.007,1.181,0.111,0.524,0.01,0.1,28.58,3.0,0.9,64.2,0.058,0.039,0.097
1.007,1.181,0.249,0.675,0.01,0.2,9.64,1.0,0.0,0.0,0.097,0.015,0.112
1.007,1.181,0.249,0.675,0.01,0.2,9.64,1.0,0.3,17.5,0.106,0.071,0.177
1.007,1.181,0.249,0.675,0.01,0.2,9.64,1.0,0.5,30.0,0.075,0.022,0.097
1.007,1.181,0.249,0.675,0.01,0.2,9.64,1.0,0.7,44.4,0.060,0.030,0.090
1.007,1.181,0.249,0.675,0.01,0.2,9.64,1.0,0.9,64.2,0.022,0.014,0.036
1.007,1.181,0.249,0.675,0.01,0.2,14.46,1.5,0.0,0.0,0.209,0.249,0.458
1.007,1.181,0.249,0.675,0.01,0.2,14.46,1.5,0.3,17.5,0.232,0.156,0.388
1.007,1.181,0.249,0.675,0.01,0.2,14.46,1.5,0.5,30.0,0.176,0.072,0.248
1.007,1.181,0.249,0.675,0.01,0.2,14.46,1.5,0.7,44.4,0.113,0.057,0.170
1.007,1.181,0.249,0.675,0.01,0.2,14.46,1.5,0.9,64.2,0.046,0.023,0.070
1.007,1.181,0.249,0.675,0.01,0.2,19.27,2.0,0.0,0.0,0.209,0.547,0.756
1.007,1.181,0.249,0.675,0.01,0.2,19.27,2.0,0.3,17.5,0.254,0.366,0.619
1.007,1.181,0.249,0.675,0.01,0.2,19.27,2.0,0.5,30.0,0.208,0.234,0.442
1.007,1.181,0.249,0.675,0.01,0.2,19.27,2.0,0.7,44.4,0.137,0.085,0.222
1.007,1.181,0.249,0.675,0.01,0.2,19.27,2.0,0.9,64.2,0.056,0.028,0.084
1.007,1.181,0.249,0.675,0.01,0.2,28.91,3.0,0.0,0.0,0.207,0.789,0.997
1.007,1.181,0.249,0.675,0.01,0.2,28.91,3.0,0.3,17.5,0.258,0.647,0.905
1.007,1.181,0.249,0.675,0.01,0.2,28.91,3.0,0.5,30.0,0.221,0.461,0.681
1.007,1.181,0.249,0.675,0.01,0.2,28.91,3.0,0.7,44.4,0.155,0.191,0.346
1.007,1.181,0.249,0.675,0.01,0.2,28.91,3.0,0.9,64.2,0.067,0.044,0.110
1.007,1.181,0.428,0.796,0.01,0.3,9.95,1.0,0.0,0.0,0.152,0.023,0.174
1.007,1.181,0.428,0.796,0.01,0.3,9.95,1.0,0.3,17.5,0.122,0.057,0.179
1.007,1.181,0.428,0.796,0.01,0.3,9.95,1.0,0.5,30.0,0.098,0.031,0.129
1.007,1.181,0.428,0.796,0.01,0.3,9.95,1.0,0.7,44.4,0.064,0.023,0.087
1.007,1.181,0.428,0.796,0.01,0.3,9.95,1.0,0.9,64.2,0.025,0.012,0.036
1.007,1.181,0.428,0.796,0.01,0.3,14.93,1.5,0.0,0.0,0.275,0.389,0.663
1.007,1.181,0.428,0.796,0.01,0.3,14.93,1.5,0.3,17.5,0.279,0.164,0.443
1.007,1.181,0.428,0.796,0.01,0.3,14.93,1.5,0.5,30.0,0.211,0.146,0.357
1.007,1.181,0.428,0.796,0.01,0.3,14.93,1.5,0.7,44.4,0.135,0.071,0.206
1.007,1.181,0.428,0.796,0.01,0.3,14.93,1.5,0.9,64.2,0.054,0.027,0.080
1.007,1.181,0.428,0.796,0.01,0.3,19.90,2.0,0.0,0.0,0.274,0.546,0.820
1.007,1.181,0.428,0.796,0.01,0.3,19.90,2.0,0.3,17.5,0.304,0.442,0.746
1.007,1.181,0.428,0.796,0.01,0.3,19.90,2.0,0.5,30.0,0.240,0.301,0.541
1.007,1.181,0.428,0.796,0.01,0.3,19.90,2.0,0.7,44.4,0.157,0.113,0.270
1.007,1.181,0.428,0.796,0.01,0.3,19.90,2.0,0.9,64.2,0.064,0.031,0.095
1.007,1.181,0.428,0.796,0.01,0.3,29.85,3.0,0.0,0.0,0.277,0.723,1.000
1.007,1.181,0.428,0.796,0.01,0.3,29.85,3.0,0.3,17.5,0.307,0.664,0.971
1.007,1.181,0.428,0.796,0.01,0.3,29.85,3.0,0.5,30.0,0.249,0.542,0.791
1.007,1.181,0.428,0.796,0.01,0.3,29.85,3.0,0.7,44.4,0.172,0.258,0.430
1.007,1.181,0.428,0.796,0.01,0.3,29.85,3.0,0.9,64.2,0.075,0.050,0.125
1.007,1.181,0.665,0.908,0.01,0.4,10.43,1.0,0.0,0.0,0.179,0.058,0.237
1.007,1.181,0.665,0.908,0.01,0.4,10.43,1.0,0.3,17.5,0.188,0.126,0.314
1.007,1.181,0.665,0.908,0.01,0.4,10.43,1.0,0.5,30.0,0.146,0.140,0.286
1.007,1.181,0.665,0.908,0.01,0.4,10.43,1.0,0.7,44.4,0.079,0.029,0.109
1.007,1.181,0.665,0.908,0.01,0.4,10.43,1.0,0.9,64.2,0.027,0.009,0.036
1.007,1.181,0.665,0.908,0.01,0.4,15.64,1.5,0.0,0.0,0.355,0.299,0.653
1.007,1.181,0.665,0.908,0.01,0.4,15.64,1.5,0.3,17.5,0.302,0.155,0.456
1.007,1.181,0.665,0.908,0.01,0.4,15.64,1.5,0.5,30.0,0.244,0.199,0.443
1.007,1.181,0.665,0.908,0.01,0.4,15.64,1.5,0.7,44.4,0.156,0.100,0.256
1.007,1.181,0.665,0.908,0.01,0.4,15.64,1.5,0.9,64.2,0.062,0.032,0.094
1.007,1.181,0.665,0.908,0.01,0.4,20.85,2.0,0.0,0.0,0.354,0.491,0.845
1.007,1.181,0.665,0.908,0.01,0.4,20.85,2.0,0.3,17.5,0.345,0.495,0.840
1.007,1.181,0.665,0.908,0.01,0.4,20.85,2.0,0.5,30.0,0.268,0.396,0.664
1.007,1.181,0.665,0.908,0.01,0.4,20.85,2.0,0.7,44.4,0.176,0.146,0.321
1.007,1.181,0.665,0.908,0.01,0.4,20.85,2.0,0.9,64.2,0.073,0.037,0.109
1.007,1.181,0.665,0.908,0.01,0.4,31.28,3.0,0.0,0.0,0.358,0.642,1.000
1.007,1.181,0.665,0.908,0.01,0.4,31.28,3.0,0.3,17.5,0.348,0.646,0.994
1.007,1.181,0.665,0.908,0.01,0.4,31.28,3.0,0.5,30.0,0.273,0.603,0.876
1.007,1.181,0.665,0.908,0.01,0.4,31.28,3.0,0.7,44.4,0.187,0.332,0.519
1.007,1.181,0.665,0.908,0.01,0.4,31.28,3.0,0.9,64.2,0.083,0.058,0.140
1.007,1.181,0.997,1.019,0.01,0.5,11.10,1.0,0.0,0.0,0.292,0.181,0.473
1.007,1.181,0.997,1.019,0.01,0.5,11.10,1.0,0.3,17.5,0.188,0.092,0.280
1.007,1.181,0.997,1.019,0.01,0.5,11.10,1.0,0.5,30.0,0.180,0.125,0.305
1.007,1.181,0.997,1.019,0.01,0.5,11.10,1.0,0.7,44.4,0.104,0.047,0.150
1.007,1.181,0.997,1.019,0.01,0.5,11.10,1.0,0.9,64.2,0.028,0.008,0.036
1.007,1.181,0.997,1.019,0.01,0.5,16.64,1.5,0.0,0.0,0.469,0.135,0.604
1.007,1.181,0.997,1.019,0.01,0.5,16.64,1.5,0.3,17.5,0.322,0.155,0.477
1.007,1.181,0.997,1.019,0.01,0.5,16.64,1.5,0.5,30.0,0.278,0.258,0.536
1.007,1.181,0.997,1.019,0.01,0.5,16.64,1.5,0.7,44.4,0.177,0.124,0.302
1.007,1.181,0.997,1.019,0.01,0.5,16.64,1.5,0.9,64.2,0.073,0.040,0.113
1.007,1.181,0.997,1.019,0.01,0.5,22.19,2.0,0.0,0.0,0.482,0.353,0.835
1.007,1.181,0.997,1.019,0.01,0.5,22.19,2.0,0.3,17.5,0.382,0.527,0.909
1.007,1.181,0.997,1.019,0.01,0.5,22.19,2.0,0.5,30.0,0.293,0.453,0.745
1.007,1.181,0.997,1.019,0.01,0.5,22.19,2.0,0.7,44.4,0.194,0.199,0.394
1.007,1.181,0.997,1.019,0.01,0.5,22.19,2.0,0.9,64.2,0.082,0.042,0.124
1.007,1.181,0.997,1.019,0.01,0.5,33.29,3.0,0.0,0.0,0.486,0.514,1.000
1.007,1.181,0.997,1.019,0.01,0.5,33.29,3.0,0.3,17.5,0.385,0.613,0.998
1.007,1.181,0.997,1.019,0.01,0.5,33.29,3.0,0.5,30.0,0.295,0.701,0.996
1.007,1.181,0.997,1.019,0.01,0.5,33.29,3.0,0.7,44.4,0.203,0.406,0.609
1.007,1.181,0.997,1.019,0.01,0.5,33.29,3.0,0.9,64.2,0.090,0.065,0.155
,,,,,,,,,,,,
1.050,1.375,0.111,0.518,0.05,0.1,9.76,1.0,0.0,0.0,0.005,0.000,0.005
1.050,1.375,0.111,0.518,0.05,0.1,9.76,1.0,0.3,17.5,0.020,0.000,0.020
1.050,1.375,0.111,0.518,0.05,0.1,9.76,1.0,0.5,30.0,0.027,0.000,0.027
1.050,1.375,0.111,0.518,0.05,0.1,9.76,1.0,0.7,44.4,0.029,0.002,0.031
1.050,1.375,0.111,0.518,0.05,0.1,9.76,1.0,0.9,64.2,0.018,0.004,0.022
1.050,1.375,0.111,0.518,0.05,0.1,14.63,1.5,0.0,0.0,0.117,0.068,0.185
1.050,1.375,0.111,0.518,0.05,0.1,14.63,1.5,0.3,17.5,0.117,0.034,0.151
1.050,1.375,0.111,0.518,0.05,0.1,14.63,1.5,0.5,30.0,0.117,0.013,0.130
1.050,1.375,0.111,0.518,0.05,0.1,14.63,1.5,0.7,44.4,0.091,0.017,0.109
1.050,1.375,0.111,0.518,0.05,0.1,14.63,1.5,0.9,64.2,0.049,0.019,0.067
1.050,1.375,0.111,0.518,0.05,0.1,19.51,2.0,0.0,0.0,0.209,0.219,0.428
1.050,1.375,0.111,0.518,0.05,0.1,19.51,2.0,0.3,17.5,0.178,0.159,0.337
1.050,1.375,0.111,0.518,0.05,0.1,19.51,2.0,0.5,30.0,0.179,0.071,0.250
1.050,1.375,0.111,0.518,0.05,0.1,19.51,2.0,0.7,44.4,0.124,0.025,0.149
1.050,1.375,0.111,0.518,0.05,0.1,19.51,2.0,0.9,64.2,0.064,0.019,0.083
1.050,1.375,0.111,0.518,0.05,0.1,29.27,3.0,0.0,0.0,0.212,0.609,0.821
1.050,1.375,0.111,0.518,0.05,0.1,29.27,3.0,0.3,17.5,0.224,0.432,0.656
1.050,1.375,0.111,0.518,0.05,0.1,29.27,3.0,0.5,30.0,0.231,0.223,0.454
1.050,1.375,0.111,0.518,0.05,0.1,29.27,3.0,0.7,44.4,0.166,0.069,0.235
1.050,1.375,0.111,0.518,0.05,0.1,29.27,3.0,0.9,64.2,0.085,0.034,0.120
1.050,1.375,0.249,0.670,0.05,0.2,9.85,1.0,0.0,0.0,0.025,0.003,0.028
1.050,1.375,0.249,0.670,0.05,0.2,9.85,1.0,0.3,17.5,0.050,0.004,0.053
1.050,1.375,0.249,0.670,0.05,0.2,9.85,1.0,0.5,30.0,0.037,0.000,0.037
1.050,1.375,0.249,0.670,0.05,0.2,9.85,1.0,0.7,44.4,0.038,0.005,0.042
1.050,1.375,0.249,0.670,0.05,0.2,9.85,1.0,0.9,64.2,0.017,0.001,0.018
1.050,1.375,0.249,0.670,0.05,0.2,14.77,1.5,0.0,0.0,0.262,0.099,0.361
1.050,1.375,0.249,0.670,0.05,0.2,14.77,1.5,0.3,17.5,0.219,0.033,0.252
1.050,1.375,0.249,0.670,0.05,0.2,14.77,1.5,0.5,30.0,0.169,0.016,0.185
1.050,1.375,0.249,0.670,0.05,0.2,14.77,1.5,0.7,44.4,0.116,0.026,0.141
1.050,1.375,0.249,0.670,0.05,0.2,14.77,1.5,0.9,64.2,0.055,0.021,0.076
1.050,1.375,0.249,0.670,0.05,0.2,19.69,2.0,0.0,0.0,0.283,0.385,0.668
1.050,1.375,0.249,0.670,0.05,0.2,19.69,2.0,0.3,17.5,0.316,0.204,0.520
1.050,1.375,0.249,0.670,0.05,0.2,19.69,2.0,0.5,30.0,0.241,0.117,0.357
1.050,1.375,0.249,0.670,0.05,0.2,19.69,2.0,0.7,44.4,0.153,0.037,0.190
1.050,1.375,0.249,0.670,0.05,0.2,19.69,2.0,0.9,64.2,0.074,0.023,0.096
1.050,1.375,0.249,0.670,0.05,0.2,29.54,3.0,0.0,0.0,0.285,0.679,0.963
1.050,1.375,0.249,0.670,0.05,0.2,29.54,3.0,0.3,17.5,0.341,0.495,0.836
1.050,1.375,0.249,0.670,0.05,0.2,29.54,3.0,0.5,30.0,0.289,0.312,0.601
1.050,1.375,0.249,0.670,0.05,0.2,29.54,3.0,0.7,44.4,0.198,0.105,0.303
1.050,1.375,0.249,0.670,0.05,0.2,29.54,3.0,0.9,64.2,0.095,0.041,0.136
1.050,1.375,0.428,0.790,0.05,0.3,10.14,1.0,0.0,0.0,0.115,0.020,0.136
1.050,1.375,0.428,0.790,0.05,0.3,10.14,1.0,0.3,17.5,0.071,0.002,0.074
1.050,1.375,0.428,0.790,0.05,0.3,10.14,1.0,0.5,30.0,0.052,0.002,0.054
1.050,1.375,0.428,0.790,0.05,0.3,10.14,1.0,0.7,44.4,0.041,0.003,0.044
1.050,1.375,0.428,0.790,0.05,0.3,10.14,1.0,0.9,64.2,0.014,0.001,0.015
1.050,1.375,0.428,0.790,0.05,0.3,15.21,1.5,0.0,0.0,0.339,0.105,0.444
1.050,1.375,0.428,0.790,0.05,0.3,15.21,1.5,0.3,17.5,0.283,0.040,0.324
1.050,1.375,0.428,0.790,0.05,0.3,15.21,1.5,0.5,30.0,0.214,0.064,0.278
1.050,1.375,0.428,0.790,0.05,0.3,15.21,1.5,0.7,44.4,0.136,0.033,0.170
1.050,1.375,0.428,0.790,0.05,0.3,15.21,1.5,0.9,64.2,0.061,0.022,0.083
1.050,1.375,0.428,0.790,0.05,0.3,20.28,2.0,0.0,0.0,0.351,0.401,0.752
1.050,1.375,0.428,0.790,0.05,0.3,20.28,2.0,0.3,17.5,0.386,0.276,0.662
1.050,1.375,0.428,0.790,0.05,0.3,20.28,2.0,0.5,30.0,0.288,0.156,0.445
1.050,1.375,0.428,0.790,0.05,0.3,20.28,2.0,0.7,44.4,0.179,0.050,0.229
1.050,1.375,0.428,0.790,0.05,0.3,20.28,2.0,0.9,64.2,0.082,0.025,0.107
1.050,1.375,0.428,0.790,0.05,0.3,30.42,3.0,0.0,0.0,0.357,0.642,1.000
1.050,1.375,0.428,0.790,0.05,0.3,30.42,3.0,0.3,17.5,0.396,0.536,0.932
1.050,1.375,0.428,0.790,0.05,0.3,30.42,3.0,0.5,30.0,0.332,0.380,0.712
1.050,1.375,0.428,0.790,0.05,0.3,30.42,3.0,0.7,44.4,0.224,0.145,0.369
1.050,1.375,0.428,0.790,0.05,0.3,30.42,3.0,0.9,64.2,0.104,0.046,0.150
1.050,1.375,0.665,0.902,0.05,0.4,10.60,1.0,0.0,0.0,0.159,0.050,0.208
1.050,1.375,0.665,0.902,0.05,0.4,10.60,1.0,0.3,17.5,0.104,0.010,0.114
1.050,1.375,0.665,0.902,0.05,0.4,10.60,1.0,0.5,30.0,0.072,0.017,0.089
1.050,1.375,0.665,0.902,0.05,0.4,10.60,1.0,0.7,44.4,0.042,0.002,0.044
1.050,1.375,0.665,0.902,0.05,0.4,10.60,1.0,0.9,64.2,0.014,0.000,0.014
1.050,1.375,0.665,0.902,0.05,0.4,15.90,1.5,0.0,0.0,0.409,0.069,0.478
1.050,1.375,0.665,0.902,0.05,0.4,15.90,1.5,0.3,17.5,0.338,0.056,0.394
1.050,1.375,0.665,0.902,0.05,0.4,15.90,1.5,0.5,30.0,0.264,0.088,0.352
1.050,1.375,0.665,0.902,0.05,0.4,15.90,1.5,0.7,44.4,0.160,0.044,0.204
1.050,1.375,0.665,0.902,0.05,0.4,15.90,1.5,0.9,64.2,0.070,0.024,0.094
1.050,1.375,0.665,0.902,0.05,0.4,21.20,2.0,0.0,0.0,0.433,0.375,0.808
1.050,1.375,0.665,0.902,0.05,0.4,21.20,2.0,0.3,17.5,0.432,0.336,0.768
1.050,1.375,0.665,0.902,0.05,0.4,21.20,2.0,0.5,30.0,0.337,0.202,0.538
1.050,1.375,0.665,0.902,0.05,0.4,21.20,2.0,0.7,44.4,0.204,0.067,0.271
1.050,1.375,0.665,0.902,0.05,0.4,21.20,2.0,0.9,64.2,0.090,0.028,0.118
1.050,1.375,0.665,0.902,0.05,0.4,31.81,3.0,0.0,0.0,0.440,0.560,1.000
1.050,1.375,0.665,0.902,0.05,0.4,31.81,3.0,0.3,17.5,0.439,0.538,0.977
1.050,1.375,0.665,0.902,0.05,0.4,31.81,3.0,0.5,30.0,0.361,0.447,0.808
1.050,1.375,0.665,0.902,0.05,0.4,31.81,3.0,0.7,44.4,0.248,0.190,0.437
1.050,1.375,0.665,0.902,0.05,0.4,31.81,3.0,0.9,64.2,0.113,0.052,0.165
1.050,1.375,0.997,1.013,0.05,0.5,11.26,1.0,0.0,0.0,0.199,0.009,0.208
1.050,1.375,0.997,1.013,0.05,0.5,11.26,1.0,0.3,17.5,0.146,0.020,0.165
1.050,1.375,0.997,1.013,0.05,0.5,11.26,1.0,0.5,30.0,0.096,0.018,0.114
1.050,1.375,0.997,1.013,0.05,0.5,11.26,1.0,0.7,44.4,0.049,0.003,0.052
1.050,1.375,0.997,1.013,0.05,0.5,11.26,1.0,0.9,64.2,0.014,0.000,0.015
1.050,1.375,0.997,1.013,0.05,0.5,16.89,1.5,0.0,0.0,0.451,0.033,0.484
1.050,1.375,0.997,1.013,0.05,0.5,16.89,1.5,0.3,17.5,0.368,0.081,0.449
1.050,1.375,0.997,1.013,0.05,0.5,16.89,1.5,0.5,30.0,0.317,0.120,0.437
1.050,1.375,0.997,1.013,0.05,0.5,16.89,1.5,0.7,44.4,0.189,0.060,0.249
1.050,1.375,0.997,1.013,0.05,0.5,16.89,1.5,0.9,64.2,0.079,0.026,0.105
1.050,1.375,0.997,1.013,0.05,0.5,22.52,2.0,0.0,0.0,0.549,0.264,0.812
1.050,1.375,0.997,1.013,0.05,0.5,22.52,2.0,0.3,17.5,0.472,0.386,0.857
1.050,1.375,0.997,1.013,0.05,0.5,22.52,2.0,0.5,30.0,0.376,0.273,0.649
1.050,1.375,0.997,1.013,0.05,0.5,22.52,2.0,0.7,44.4,0.233,0.092,0.325
1.050,1.375,0.997,1.013,0.05,0.5,22.52,2.0,0.9,64.2,0.101,0.032,0.133
1.050,1.375,0.997,1.013,0.05,0.5,33.77,3.0,0.0,0.0,0.558,0.442,1.000
1.050,1.375,0.997,1.013,0.05,0.5,33.77,3.0,0.3,17.5,0.478,0.519,0.997
1.050,1.375,0.997,1.013,0.05,0.5,33.77,3.0,0.5,30.0,0.387,0.512,0.899
1.050,1.375,0.997,1.013,0.05,0.5,33.77,3.0,0.7,44.4,0.270,0.253,0.523
1.050,1.375,0.997,1.013,0.05,0.5,33.77,3.0,0.9,64.2,0.122,0.061,0.183
,,,,,,,,,,,,
1.108,1.562,0.111,0.518,0.1,0.1,10.01,1.0,0.0,0.0,0.001,0.000,0.001
1.108,1.562,0.111,0.518,0.1,0.1,10.01,1.0,0.3,17.5,0.006,0.000,0.006
1.108,1.562,0.111,0.518,0.1,0.1,10.01,1.0,0.5,30.0,0.013,0.000,0.013
1.108,1.562,0.111,0.518,0.1,0.1,10.01,1.0,0.7,44.4,0.019,0.001,0.021
1.108,1.562,0.111,0.518,0.1,0.1,10.01,1.0,0.9,64.2,0.017,0.001,0.017
1.108,1.562,0.111,0.518,0.1,0.1,15.02,1.5,0.0,0.0,0.061,0.022,0.083
1.108,1.562,0.111,0.518,0.1,0.1,15.02,1.5,0.3,17.5,0.081,0.017,0.098
1.108,1.562,0.111,0.518,0.1,0.1,15.02,1.5,0.5,30.0,0.094,0.004,0.099
1.108,1.562,0.111,0.518,0.1,0.1,15.02,1.5,0.7,44.4,0.092,0.012,0.104
1.108,1.562,0.111,0.518,0.1,0.1,15.02,1.5,0.9,64.2,0.058,0.017,0.076
1.108,1.562,0.111,0.518,0.1,0.1,20.02,2.0,0.0,0.0,0.212,0.111,0.323
1.108,1.562,0.111,0.518,0.1,0.1,20.02,2.0,0.3,17.5,0.171,0.085,0.256
1.108,1.562,0.111,0.518,0.1,0.1,20.02,2.0,0.5,30.0,0.168,0.038,0.206
1.108,1.562,0.111,0.518,0.1,0.1,20.02,2.0,0.7,44.4,0.127,0.018,0.145
1.108,1.562,0.111,0.518,0.1,0.1,20.02,2.0,0.9,64.2,0.075,0.021,0.096
1.108,1.562,0.111,0.518,0.1,0.1,30.03,3.0,0.0,0.0,0.265,0.491,0.756
1.108,1.562,0.111,0.518,0.1,0.1,30.03,3.0,0.3,17.5,0.257,0.326,0.583
1.108,1.562,0.111,0.518,0.1,0.1,30.03,3.0,0.5,30.0,0.253,0.147,0.400
1.108,1.562,0.111,0.518,0.1,0.1,30.03,3.0,0.7,44.4,0.178,0.048,0.226
1.108,1.562,0.111,0.518,0.1,0.1,30.03,3.0,0.9,64.2,0.102,0.036,0.138
1.108,1.562,0.249,0.670,0.1,0.2,10.07,1.0,0.0,0.0,0.005,0.016,0.021
1.108,1.562,0.249,0.670,0.1,0.2,10.07,1.0,0.3,17.5,0.022,0.000,0.023
1.108,1.562,0.249,0.670,0.1,0.2,10.07,1.0,0.5,30.0,0.022,0.000,0.022
1.108,1.562,0.249,0.670,0.1,0.2,10.07,1.0,0.7,44.4,0.026,0.001,0.026
1.108,1.562,0.249,0.670,0.1,0.2,10.07,1.0,0.9,64.2,0.016,0.000,0.016
1.108,1.562,0.249,0.670,0.1,0.2,15.11,1.5,0.0,0.0,0.244,0.053,0.297
1.108,1.562,0.249,0.670,0.1,0.2,15.11,1.5,0.3,17.5,0.173,0.017,0.191
1.108,1.562,0.249,0.670,0.1,0.2,15.11,1.5,0.5,30.0,0.151,0.010,0.161
1.108,1.562,0.249,0.670,0.1,0.2,15.11,1.5,0.7,44.4,0.117,0.020,0.137
1.108,1.562,0.249,0.670,0.1,0.2,15.11,1.5,0.9,64.2,0.063,0.020,0.083
1.108,1.562,0.249,0.670,0.1,0.2,20.15,2.0,0.0,0.0,0.334,0.247,0.581
1.108,1.562,0.249,0.670,0.1,0.2,20.15,2.0,0.3,17.5,0.329,0.114,0.443
1.108,1.562,0.249,0.670,0.1,0.2,20.15,2.0,0.5,30.0,0.238,0.074,0.311
1.108,1.562,0.249,0.670,0.1,0.2,20.15,2.0,0.7,44.4,0.159,0.028,0.187
1.108,1.562,0.249,0.670,0.1,0.2,20.15,2.0,0.9,64.2,0.085,0.023,0.108
1.108,1.562,0.249,0.670,0.1,0.2,30.22,3.0,0.0,0.0,0.344,0.602,0.946
1.108,1.562,0.249,0.670,0.1,0.2,30.22,3.0,0.3,17.5,0.401,0.390,0.790
1.108,1.562,0.249,0.670,0.1,0.2,30.22,3.0,0.5,30.0,0.326,0.222,0.548
1.108,1.562,0.249,0.670,0.1,0.2,30.22,3.0,0.7,44.4,0.218,0.078,0.296
1.108,1.562,0.249,0.670,0.1,0.2,30.22,3.0,0.9,64.2,0.114,0.043,0.157
1.108,1.562,0.428,0.790,0.1,0.3,10.35,1.0,0.0,0.0,0.057,0.002,0.059
1.108,1.562,0.428,0.790,0.1,0.3,10.35,1.0,0.3,17.5,0.035,0.004,0.039
1.108,1.562,0.428,0.790,0.1,0.3,10.35,1.0,0.5,30.0,0.030,0.001,0.031
1.108,1.562,0.428,0.790,0.1,0.3,10.35,1.0,0.7,44.4,0.032,0.001,0.034
1.108,1.562,0.428,0.790,0.1,0.3,10.35,1.0,0.9,64.2,0.013,0.000,0.013
1.108,1.562,0.428,0.790,0.1,0.3,15.52,1.5,0.0,0.0,0.337,0.067,0.404
1.108,1.562,0.428,0.790,0.1,0.3,15.52,1.5,0.3,17.5,0.255,0.019,0.274
1.108,1.562,0.428,0.790,0.1,0.3,15.52,1.5,0.5,30.0,0.202,0.039,0.241
1.108,1.562,0.428,0.790,0.1,0.3,15.52,1.5,0.7,44.4,0.138,0.025,0.163
1.108,1.562,0.428,0.790,0.1,0.3,15.52,1.5,0.9,64.2,0.071,0.021,0.091
1.108,1.562,0.428,0.790,0.1,0.3,20.70,2.0,0.0,0.0,0.407,0.288,0.695
1.108,1.562,0.428,0.790,0.1,0.3,20.70,2.0,0.3,17.5,0.425,0.169,0.594
1.108,1.562,0.428,0.790,0.1,0.3,20.70,2.0,0.5,30.0,0.294,0.100,0.394
1.108,1.562,0.428,0.790,0.1,0.3,20.70,2.0,0.7,44.4,0.186,0.037,0.223
1.108,1.562,0.428,0.790,0.1,0.3,20.70,2.0,0.9,64.2,0.093,0.025,0.118
1.108,1.562,0.428,0.790,0.1,0.3,31.05,3.0,0.0,0.0,0.422,0.572,0.994
1.108,1.562,0.428,0.790,0.1,0.3,31.05,3.0,0.3,17.5,0.460,0.447,0.907
1.108,1.562,0.428,0.790,0.1,0.3,31.05,3.0,0.5,30.0,0.380,0.281,0.661
1.108,1.562,0.428,0.790,0.1,0.3,31.05,3.0,0.7,44.4,0.249,0.108,0.357
1.108,1.562,0.428,0.790,0.1,0.3,31.05,3.0,0.9,64.2,0.123,0.049,0.172
1.108,1.562,0.665,0.902,0.1,0.4,10.79,1.0,0.0,0.0,0.110,0.031,0.140
1.108,1.562,0.665,0.902,0.1,0.4,10.79,1.0,0.3,17.5,0.059,0.003,0.062
1.108,1.562,0.665,0.902,0.1,0.4,10.79,1.0,0.5,30.0,0.045,0.006,0.051
1.108,1.562,0.665,0.902,0.1,0.4,10.79,1.0,0.7,44.4,0.032,0.001,0.033
1.108,1.562,0.665,0.902,0.1,0.4,10.79,1.0,0.9,64.2,0.013,0.000,0.013
1.108,1.562,0.665,0.902,0.1,0.4,16.19,1.5,0.0,0.0,0.395,0.040,0.436
1.108,1.562,0.665,0.902,0.1,0.4,16.19,1.5,0.3,17.5,0.342,0.028,0.370
1.108,1.562,0.665,0.902,0.1,0.4,16.19,1.5,0.5,30.0,0.256,0.056,0.312
1.108,1.562,0.665,0.902,0.1,0.4,16.19,1.5,0.7,44.4,0.162,0.032,0.194
1.108,1.562,0.665,0.902,0.1,0.4,16.19,1.5,0.9,64.2,0.077,0.022,0.099
1.108,1.562,0.665,0.902,0.1,0.4,21.58,2.0,0.0,0.0,0.493,0.271,0.764
1.108,1.562,0.665,0.902,0.1,0.4,21.58,2.0,0.3,17.5,0.489,0.222,0.711
1.108,1.562,0.665,0.902,0.1,0.4,21.58,2.0,0.5,30.0,0.354,0.130,0.483
1.108,1.562,0.665,0.902,0.1,0.4,21.58,2.0,0.7,44.4,0.214,0.049,0.263
1.108,1.562,0.665,0.902,0.1,0.4,21.58,2.0,0.9,64.2,0.103,0.028,0.131
1.108,1.562,0.665,0.902,0.1,0.4,32.37,3.0,0.0,0.0,0.507,0.493,1.000
1.108,1.562,0.665,0.902,0.1,0.4,32.37,3.0,0.3,17.5,0.505,0.463,0.968
1.108,1.562,0.665,0.902,0.1,0.4,32.37,3.0,0.5,30.0,0.422,0.343,0.765
1.108,1.562,0.665,0.902,0.1,0.4,32.37,3.0,0.7,44.4,0.278,0.142,0.420
1.108,1.562,0.665,0.902,0.1,0.4,32.37,3.0,0.9,64.2,0.133,0.055,0.189
1.108,1.562,0.997,1.013,0.1,0.5,11.43,1.0,0.0,0.0,0.179,0.006,0.185
1.108,1.562,0.997,1.013,0.1,0.5,11.43,1.0,0.3,17.5,0.092,0.010,0.101
1.108,1.562,0.997,1.013,0.1,0.5,11.43,1.0,0.5,30.0,0.075,0.009,0.084
1.108,1.562,0.997,1.013,0.1,0.5,11.43,1.0,0.7,44.4,0.037,0.001,0.037
1.108,1.562,0.997,1.013,0.1,0.5,11.43,1.0,0.9,64.2,0.012,0.000,0.012
1.108,1.562,0.997,1.013,0.1,0.5,17.14,1.5,0.0,0.0,0.434,0.016,0.449
1.108,1.562,0.997,1.013,0.1,0.5,17.14,1.5,0.3,17.5,0.403,0.057,0.460
1.108,1.562,0.997,1.013,0.1,0.5,17.14,1.5,0.5,30.0,0.325,0.079,0.403
1.108,1.562,0.997,1.013,0.1,0.5,17.14,1.5,0.7,44.4,0.190,0.040,0.230
1.108,1.562,0.997,1.013,0.1,0.5,17.14,1.5,0.9,64.2,0.086,0.023,0.108
1.108,1.562,0.997,1.013,0.1,0.5,22.85,2.0,0.0,0.0,0.612,0.164,0.777
1.108,1.562,0.997,1.013,0.1,0.5,22.85,2.0,0.3,17.5,0.532,0.283,0.814
1.108,1.562,0.997,1.013,0.1,0.5,22.85,2.0,0.5,30.0,0.416,0.170,0.586
1.108,1.562,0.997,1.013,0.1,0.5,22.85,2.0,0.7,44.4,0.247,0.066,0.313
1.108,1.562,0.997,1.013,0.1,0.5,22.85,2.0,0.9,64.2,0.113,0.030,0.143
1.108,1.562,0.997,1.013,0.1,0.5,34.28,3.0,0.0,0.0,0.628,0.372,1.000
1.108,1.562,0.997,1.013,0.1,0.5,34.28,3.0,0.3,17.5,0.545,0.447,0.992
1.108,1.562,0.997,1.013,0.1,0.5,34.28,3.0,0.5,30.0,0.454,0.411,0.865
1.108,1.562,0.997,1.013,0.1,0.5,34.28,3.0,0.7,44.4,0.309,0.186,0.495
1.108,1.562,0.997,1.013,0.1,0.5,34.28,3.0,0.9,64.2,0.145,0.065,0.210
,,,,,,,,,,,,
1.247,1.941,0.111,0.518,0.2,0.1,10.59,1.0,0.0,0.0,0.001,0.000,0.001
1.247,1.941,0.111,0.518,0.2,0.1,10.59,1.0,0.3,17.5,0.002,0.000,0.002
1.247,1.941,0.111,0.518,0.2,0.1,10.59,1.0,0.5,30.0,0.006,0.000,0.006
1.247,1.941,0.111,0.518,0.2,0.1,10.59,1.0,0.7,44.4,0.010,0.001,0.011
1.247,1.941,0.111,0.518,0.2,0.1,10.59,1.0,0.9,64.2,0.014,0.002,0.016
1.247,1.941,0.111,0.518,0.2,0.1,15.88,1.5,0.0,0.0,0.013,0.006,0.019
1.247,1.941,0.111,0.518,0.2,0.1,15.88,1.5,0.3,17.5,0.047,0.007,0.054
1.247,1.941,0.111,0.518,0.2,0.1,15.88,1.5,0.5,30.0,0.072,0.002,0.074
1.247,1.941,0.111,0.518,0.2,0.1,15.88,1.5,0.7,44.4,0.081,0.009,0.090
1.247,1.941,0.111,0.518,0.2,0.1,15.88,1.5,0.9,64.2,0.066,0.014,0.080
1.247,1.941,0.111,0.518,0.2,0.1,21.17,2.0,0.0,0.0,0.136,0.052,0.188
1.247,1.941,0.111,0.518,0.2,0.1,21.17,2.0,0.3,17.5,0.127,0.039,0.166
1.247,1.941,0.111,0.518,0.2,0.1,21.17,2.0,0.5,30.0,0.147,0.017,0.164
1.247,1.941,0.111,0.518,0.2,0.1,21.17,2.0,0.7,44.4,0.127,0.016,0.143
1.247,1.941,0.111,0.518,0.2,0.1,21.17,2.0,0.9,64.2,0.090,0.020,0.110
1.247,1.941,0.111,0.518,0.2,0.1,31.76,3.0,0.0,0.0,0.315,0.297,0.612
1.247,1.941,0.111,0.518,0.2,0.1,31.76,3.0,0.3,17.5,0.274,0.212,0.486
1.247,1.941,0.111,0.518,0.2,0.1,31.76,3.0,0.5,30.0,0.257,0.087,0.344
1.247,1.941,0.111,0.518,0.2,0.1,31.76,3.0,0.7,44.4,0.190,0.038,0.228
1.247,1.941,0.111,0.518,0.2,0.1,31.76,3.0,0.9,64.2,0.124,0.037,0.161
1.247,1.941,0.249,0.670,0.2,0.2,10.60,1.0,0.0,0.0,0.001,0.014,0.015
1.247,1.941,0.249,0.670,0.2,0.2,10.60,1.0,0.3,17.5,0.007,0.000,0.007
1.247,1.941,0.249,0.670,0.2,0.2,10.60,1.0,0.5,30.0,0.010,0.000,0.010
1.247,1.941,0.249,0.670,0.2,0.2,10.60,1.0,0.7,44.4,0.016,0.000,0.016
1.247,1.941,0.249,0.670,0.2,0.2,10.60,1.0,0.9,64.2,0.017,0.002,0.019
1.247,1.941,0.249,0.670,0.2,0.2,15.89,1.5,0.0,0.0,0.144,0.023,0.167
1.247,1.941,0.249,0.670,0.2,0.2,15.89,1.5,0.3,17.5,0.118,0.009,0.127
1.247,1.941,0.249,0.670,0.2,0.2,15.89,1.5,0.5,30.0,0.128,0.007,0.134
1.247,1.941,0.249,0.670,0.2,0.2,15.89,1.5,0.7,44.4,0.115,0.015,0.130
1.247,1.941,0.249,0.670,0.2,0.2,15.89,1.5,0.9,64.2,0.078,0.017,0.095
1.247,1.941,0.249,0.670,0.2,0.2,21.19,2.0,0.0,0.0,0.340,0.120,0.460
1.247,1.941,0.249,0.670,0.2,0.2,21.19,2.0,0.3,17.5,0.287,0.056,0.343
1.247,1.941,0.249,0.670,0.2,0.2,21.19,2.0,0.5,30.0,0.221,0.043,0.264
1.247,1.941,0.249,0.670,0.2,0.2,21.19,2.0,0.7,44.4,0.165,0.025,0.190
1.247,1.941,0.249,0.670,0.2,0.2,21.19,2.0,0.9,64.2,0.102,0.025,0.127
1.247,1.941,0.249,0.670,0.2,0.2,31.79,3.0,0.0,0.0,0.410,0.505,0.915
1.247,1.941,0.249,0.670,0.2,0.2,31.79,3.0,0.3,17.5,0.453,0.265,0.717
1.247,1.941,0.249,0.670,0.2,0.2,31.79,3.0,0.5,30.0,0.345,0.142,0.486
1.247,1.941,0.249,0.670,0.2,0.2,31.79,3.0,0.7,44.4,0.236,0.063,0.299
1.247,1.941,0.249,0.670,0.2,0.2,31.79,3.0,0.9,64.2,0.140,0.048,0.188
1.247,1.941,0.428,0.790,0.2,0.3,10.83,1.0,0.0,0.0,0.006,0.000,0.006
1.247,1.941,0.428,0.790,0.2,0.3,10.83,1.0,0.3,17.5,0.013,0.000,0.013
1.247,1.941,0.428,0.790,0.2,0.3,10.83,1.0,0.5,30.0,0.016,0.000,0.016
1.247,1.941,0.428,0.790,0.2,0.3,10.83,1.0,0.7,44.4,0.023,0.001,0.024
1.247,1.941,0.428,0.790,0.2,0.3,10.83,1.0,0.9,64.2,0.017,0.003,0.019
1.247,1.941,0.428,0.790,0.2,0.3,16.24,1.5,0.0,0.0,0.262,0.033,0.295
1.247,1.941,0.428,0.790,0.2,0.3,16.24,1.5,0.3,17.5,0.195,0.011,0.206
1.247,1.941,0.428,0.790,0.2,0.3,16.24,1.5,0.5,30.0,0.181,0.023,0.205
1.247,1.941,0.428,0.790,0.2,0.3,16.24,1.5,0.7,44.4,0.140,0.020,0.160
1.247,1.941,0.428,0.790,0.2,0.3,16.24,1.5,0.9,64.2,0.084,0.019,0.103
1.247,1.941,0.428,0.790,0.2,0.3,21.65,2.0,0.0,0.0,0.454,0.155,0.609
1.247,1.941,0.428,0.790,0.2,0.3,21.65,2.0,0.3,17.5,0.422,0.095,0.517
1.247,1.941,0.428,0.790,0.2,0.3,21.65,2.0,0.5,30.0,0.283,0.062,0.346
1.247,1.941,0.428,0.790,0.2,0.3,21.65,2.0,0.7,44.4,0.195,0.034,0.229
1.247,1.941,0.428,0.790,0.2,0.3,21.65,2.0,0.9,64.2,0.112,0.028,0.139
1.247,1.941,0.428,0.790,0.2,0.3,32.48,3.0,0.0,0.0,0.493,0.483,0.977
1.247,1.941,0.428,0.790,0.2,0.3,32.48,3.0,0.3,17.5,0.529,0.329,0.859
1.247,1.941,0.428,0.790,0.2,0.3,32.48,3.0,0.5,30.0,0.415,0.183,0.598
1.247,1.941,0.428,0.790,0.2,0.3,32.48,3.0,0.7,44.4,0.272,0.086,0.358
1.247,1.941,0.428,0.790,0.2,0.3,32.48,3.0,0.9,64.2,0.152,0.057,0.209
1.247,1.941,0.665,0.902,0.2,0.4,11.22,1.0,0.0,0.0,0.028,0.000,0.028
1.247,1.941,0.665,0.902,0.2,0.4,11.22,1.0,0.3,17.5,0.024,0.001,0.026
1.247,1.941,0.665,0.902,0.2,0.4,11.22,1.0,0.5,30.0,0.025,0.002,0.027
1.247,1.941,0.665,0.902,0.2,0.4,11.22,1.0,0.7,44.4,0.027,0.002,0.029
1.247,1.941,0.665,0.902,0.2,0.4,11.22,1.0,0.9,64.2,0.014,0.001,0.016
1.247,1.941,0.665,0.902,0.2,0.4,16.83,1.5,0.0,0.0,0.347,0.031,0.378
1.247,1.941,0.665,0.902,0.2,0.4,16.83,1.5,0.3,17.5,0.307,0.019,0.325
1.247,1.941,0.665,0.902,0.2,0.4,16.83,1.5,0.5,30.0,0.241,0.035,0.276
1.247,1.941,0.665,0.902,0.2,0.4,16.83,1.5,0.7,44.4,0.163,0.025,0.187
1.247,1.941,0.665,0.902,0.2,0.4,16.83,1.5,0.9,64.2,0.091,0.021,0.112
1.247,1.941,0.665,0.902,0.2,0.4,22.44,2.0,0.0,0.0,0.553,0.146,0.698
1.247,1.941,0.665,0.902,0.2,0.4,22.44,2.0,0.3,17.5,0.526,0.120,0.645
1.247,1.941,0.665,0.902,0.2,0.4,22.44,2.0,0.5,30.0,0.350,0.080,0.430
1.247,1.941,0.665,0.902,0.2,0.4,22.44,2.0,0.7,44.4,0.225,0.042,0.267
1.247,1.941,0.665,0.902,0.2,0.4,22.44,2.0,0.9,64.2,0.122,0.031,0.153
1.247,1.941,0.665,0.902,0.2,0.4,33.67,3.0,0.0,0.0,0.586,0.414,1.000
1.247,1.941,0.665,0.902,0.2,0.4,33.67,3.0,0.3,17.5,0.578,0.368,0.946
1.247,1.941,0.665,0.902,0.2,0.4,33.67,3.0,0.5,30.0,0.476,0.230,0.706
1.247,1.941,0.665,0.902,0.2,0.4,33.67,3.0,0.7,44.4,0.306,0.111,0.417
1.247,1.941,0.665,0.902,0.2,0.4,33.67,3.0,0.9,64.2,0.164,0.067,0.231
1.247,1.941,0.997,1.013,0.2,0.5,11.82,1.0,0.0,0.0,0.072,0.002,0.074
1.247,1.941,0.997,1.013,0.2,0.5,11.82,1.0,0.3,17.5,0.044,0.003,0.047
1.247,1.941,0.997,1.013,0.2,0.5,11.82,1.0,0.5,30.0,0.048,0.005,0.053
1.247,1.941,0.997,1.013,0.2,0.5,11.82,1.0,0.7,44.4,0.029,0.000,0.029
1.247,1.941,0.997,1.013,0.2,0.5,11.82,1.0,0.9,64.2,0.014,0.000,0.015
1.247,1.941,0.997,1.013,0.2,0.5,17.72,1.5,0.0,0.0,0.407,0.016,0.423
1.247,1.941,0.997,1.013,0.2,0.5,17.72,1.5,0.3,17.5,0.412,0.020,0.431
1.247,1.941,0.997,1.013,0.2,0.5,17.72,1.5,0.5,30.0,0.313,0.049,0.362
1.247,1.941,0.997,1.013,0.2,0.5,17.72,1.5,0.7,44.4,0.192,0.031,0.224
1.247,1.941,0.997,1.013,0.2,0.5,17.72,1.5,0.9,64.2,0.101,0.022,0.122
1.247,1.941,0.997,1.013,0.2,0.5,23.63,2.0,0.0,0.0,0.663,0.093,0.756
1.247,1.941,0.997,1.013,0.2,0.5,23.63,2.0,0.3,17.5,0.592,0.177,0.769
1.247,1.941,0.997,1.013,0.2,0.5,23.63,2.0,0.5,30.0,0.426,0.103,0.529
1.247,1.941,0.997,1.013,0.2,0.5,23.63,2.0,0.7,44.4,0.261,0.052,0.313
1.247,1.941,0.997,1.013,0.2,0.5,23.63,2.0,0.9,64.2,0.132,0.036,0.167
1.247,1.941,0.997,1.013,0.2,0.5,35.45,3.0,0.0,0.0,0.708,0.292,1.000
1.247,1.941,0.997,1.013,0.2,0.5,35.45,3.0,0.3,17.5,0.621,0.362,0.983
1.247,1.941,0.997,1.013,0.2,0.5,35.45,3.0,0.5,30.0,0.526,0.288,0.814
1.247,1.941,0.997,1.013,0.2,0.5,35.45,3.0,0.7,44.4,0.341,0.141,0.482
1.247,1.941,0.997,1.013,0.2,0.5,35.45,3.0,0.9,64.2,0.176,0.079,0.255